names, options
"John Doe0",
"John Doe1",
"John Doe2",
"John Doe3",
"John Doe4",
"John Doe5",
"John Doe6",
"John Doe7",
"John Doe8",
"John Doe9",
"John Doe10",
"John Doe11",
"John Doe12",
"John Doe13",
"John Doe14",
"John Doe15",
"John Doe16",
"John Doe17",
"John Doe18",
"John Doe19",
"John Doe20",
"John Doe21",
"John Doe22",
"John Doe23",
"John Doe24",
"John Doe25",
"John Doe26",
"John Doe27",
"John Doe28",
"John Doe29",
"John Doe30",
"John Doe31",
"John Doe32",
"John Doe33",
"John Doe34",
"John Doe35",
"John Doe36",
"John Doe37",
"John Doe38",
"John Doe39",
"John Doe40",
"John Doe41",
"John Doe42",
"John Doe43",
"John Doe44",
"John Doe45",
"John Doe46",
"John Doe47",
"John Doe48",
"John Doe49",
"John Doe50",
"John Doe51",
"John Doe52",
"John Doe53",
"John Doe54",
"John Doe55",
"John Doe56",
"John Doe57",
"John Doe58",
"John Doe59",
"John Doe60",
"John Doe61",
"John Doe62",
"John Doe63",
"John Doe64",
"John Doe65",
"John Doe66",
"John Doe67",
"John Doe68",
"John Doe69",
"John Doe70",
"John Doe71",
"John Doe72",
"John Doe73",
"John Doe74",
"John Doe75",
"John Doe76",
"John Doe77",
"John Doe78",
"John Doe79",
"John Doe80",
"John Doe81",
"John Doe82",
"John Doe83",
"John Doe84",
"John Doe85",
"John Doe86",
"John Doe87",
"John Doe88",
"John Doe89",
"John Doe90",
"John Doe91",
"John Doe92",
"John Doe93",
"John Doe94",
"John Doe95",
"John Doe96",
"John Doe97",
"John Doe98",
"John Doe99",
"John Doe100",
"John Doe101",
"John Doe102",
"John Doe103",
"John Doe104",
"John Doe105",
"John Doe106",
"John Doe107",
"John Doe108",
"John Doe109",
"John Doe110",
"John Doe111",
"John Doe112",
"John Doe113",
"John Doe114",
"John Doe115",
"John Doe116",
"John Doe117",
"John Doe118",
"John Doe119",
"John Doe120",
"John Doe121",
"John Doe122",
"John Doe123",
"John Doe124",
"John Doe125",
"John Doe126",
"John Doe127",
"John Doe128",
"John Doe129",
"John Doe130",
"John Doe131",
"John Doe132",
"John Doe133",
"John Doe134",
"John Doe135",
"John Doe136",
"John Doe137",
"John Doe138",
"John Doe139",
"John Doe140",
"John Doe141",
"John Doe142",
"John Doe143",
"John Doe144",
"John Doe145",
"John Doe146",
"John Doe147",
"John Doe148",
"John Doe149",
"John Doe150",
"John Doe151",
"John Doe152",
"John Doe153",
"John Doe154",
"John Doe155",
"John Doe156",
"John Doe157",
"John Doe158",
"John Doe159",
"John Doe160",
"John Doe161",
"John Doe162",
"John Doe163",
"John Doe164",
"John Doe165",
"John Doe166",
"John Doe167",
"John Doe168",
"John Doe169",
"John Doe170",
"John Doe171",
"John Doe172",
"John Doe173",
"John Doe174",
"John Doe175",
"John Doe176",
"John Doe177",
"John Doe178",
"John Doe179",
"John Doe180",
"John Doe181",
"John Doe182",
"John Doe183",
"John Doe184",
"John Doe185",
"John Doe186",
"John Doe187",
"John Doe188",
"John Doe189",
"John Doe190",
"John Doe191",
"John Doe192",
"John Doe193",
"John Doe194",
"John Doe195",
"John Doe196",
"John Doe197",
"John Doe198",
"John Doe199",